{
  "products": [
    {
      "id": "1",
      "name": "Amazon Tv",
      "image": "https://m.media-amazon.com/images/I/71AqQyCMmeL._SL1240_.jpg",
      "price": "15000"
    },
    {
      "id": "2",
      "name": "Samsung Galaxy M52 5G (Blazing Black, 6GB RAM, 128GB Storage) Latest Snapdragon 778G 5G | sAMOLED 120Hz Display",
      "image": "https://m.media-amazon.com/images/I/71b5BwTCcZL._SL1500_.jpg",
      "price": "30000"
    },
    {
      "id": "3",
      "name": "Samsung Galaxy M21 2021 Edition (Arctic Blue, 4GB RAM, 64GB Storage) | FHD+ sAMOLED | 6 Months Free Screen Replacement for Prime (SM-M215GLBDINS)",
      "image": "https://m.media-amazon.com/images/I/811lrGbXwIL._SL1500_.jpg",
      "price": "13000"
    }
  ]
}